,SN Name,Spectrum Phase,Spectrum Cardinality,SN Subtype,SN Maintype,SN Subtype ID,SN Maintype ID,SNR,S (SNR),N (SNR),Denoising Parameter,searchBlu,searchRed,minima_i,maxBlu,maxRed,noiseWindowBlu,noiseWindowRed,useBlu,useRed,Training Set,Imposed SNR,Measured SNR,Measured S (SNR),Measured N (SNR)
16,sn1989b,17.5,1,Ia-norm,Ia,0,0,11.512367404959042,0.2729764277758702,0.023711580613582875,8.46099129727517,500.0,0.0,1.0,1.0,0.0,100.0,100.0,True,True,False,20.0,37.28723660995751,0.2761945521111191,0.007407214296952263
161,sn1994q,11.8,1,Ia-norm,Ia,0,0,8.2073763641749,0.1644316954519905,0.020034623508888037,7.401710147699483,500.0,0.0,,1.0,0.0,100.0,100.0,True,True,False,20.0,25.37479064488706,0.16171671080175226,0.0063731249280016295
334,sn1998bp,24.8,1,Ia-norm,Ia,0,0,6.730792903603582,0.1193744280560603,0.01773556693330272,5.86615215109325,500.0,0.0,,0.0,0.0,100.0,100.0,True,True,False,20.0,40.72469443748199,0.11603616356825217,0.0028492826077893265
335,sn1998bp,25.8,1,Ia-norm,Ia,0,0,7.505021774167425,0.14233486054850797,0.018965282824152496,6.8321805464065735,500.0,0.0,,0.0,0.0,100.0,100.0,True,True,False,20.0,38.32233484371826,0.14120013110828503,0.0036845388383591757
336,sn1998bp,27.7,1,Ia-norm,Ia,0,0,4.2612766564515185,0.1375941186770701,0.03228941225131543,6.454832877613962,500.0,0.0,,0.0,0.0,100.0,100.0,True,True,False,20.0,37.16605604260647,0.13543158666896052,0.003643959060754369
337,sn1998bp,29.6,1,Ia-norm,Ia,0,0,5.915293983473015,0.1707626716568628,0.0288679940733231,7.376479250622395,500.0,0.0,,0.0,0.0,100.0,100.0,True,True,False,20.0,27.42865434666313,0.16883010800107776,0.006155245746556903
535,sn2000bk,26.5,1,Ia-norm,Ia,0,0,2.6335578335965812,0.09146176944458378,0.03472935671956626,6.217970678773586,500.0,0.0,,0.0,0.0,100.0,100.0,True,True,False,20.0,35.15853022589842,0.0914595525321112,0.0026013474381457622
558,sn2000d,-0.9,1,Ia-norm,Ia,0,0,15.076742377266644,0.36497094488775006,0.024207546680512948,20.0,500.0,0.0,,0.0,0.0,100.0,100.0,True,True,False,20.0,38.66453906591599,0.35810773438160776,0.00926191655281599
562,sn2000dg,-0.8,1,Ia-norm,Ia,0,0,4.253318058739569,0.24532837453171205,0.05767929205943578,7.355834506944085,500.0,0.0,,0.0,0.0,100.0,100.0,True,True,False,20.0,49.92824395396593,0.24271274443289367,0.004861231343459144
597,sn2000fa,37.5,1,Ia-norm,Ia,0,0,4.01864575136316,0.10980789463667259,0.027324601726694816,19.99967826909226,500.0,0.0,,0.0,0.0,100.0,100.0,True,True,False,20.0,15.67083183906735,0.10438802463237157,0.00666129441655627
834,sn2002ck,29.3,1,Ia-norm,Ia,0,0,3.066071729254263,0.11642903713282535,0.03797335725121587,6.261732410891506,500.0,0.0,,0.0,0.0,100.0,100.0,True,True,False,20.0,33.99915700833549,0.11805718380468212,0.003472356205059388
835,sn2002ck,37.1,1,Ia-norm,Ia,0,0,3.7300002856444663,0.15180051117777613,0.040697184866715946,6.452862996019251,500.0,0.0,,0.0,0.0,100.0,100.0,True,True,False,20.0,31.315696053201197,0.15003512874093114,0.004791052017047344
849,sn2002de,-6.1,1,Ia-norm,Ia,0,0,4.005001556710768,0.2601737066322114,0.0649621986279294,9.084293257655826,500.0,0.0,,0.0,0.0,100.0,100.0,True,True,False,20.0,35.10446218392143,0.2614033394218525,0.007446441938130039
857,sn2002de,8.5,1,Ia-norm,Ia,0,0,5.538638515089856,0.19333904735293397,0.03490732367281011,8.79543750054547,500.0,0.0,,0.0,0.0,100.0,100.0,False,True,False,20.0,37.65497644534917,0.194970835046734,0.0051778238483220496
880,sn2002do,16.7,1,Ia-norm,Ia,0,0,3.982427213320605,0.20777661405236414,0.05217336135043056,7.574552215079221,500.0,0.0,,0.0,0.0,100.0,100.0,True,True,False,20.0,27.072146979867192,0.1952901453386342,0.007213692563204022
881,sn2002do,22.6,1,Ia-norm,Ia,0,0,1.04231877464642,0.0701913221453835,0.06734151187979331,5.480633969845641,500.0,0.0,,0.0,0.0,100.0,100.0,True,True,False,20.0,34.12507498881458,0.06969802829646618,0.0020424285754481594
882,sn2002do,30.4,1,Ia-norm,Ia,0,0,1.1336664984304936,0.11050658437761805,0.09747715446351204,6.26475995492196,500.0,0.0,,0.0,0.0,100.0,100.0,True,True,False,20.0,35.57235072372428,0.1103219030295684,0.003101338561693405
991,sn2002hw,-5.2,1,Ia-norm,Ia,0,0,6.678451848122669,0.4130013423507156,0.061840880452976754,7.366250580276877,500.0,0.0,,0.0,0.0,100.0,100.0,True,True,False,20.0,23.47668139299014,0.3982728036125405,0.016964612542361292
993,sn2002hw,17.5,1,Ia-norm,Ia,0,0,4.645117087186322,0.16689982788625815,0.03593016596861589,7.665947705023474,500.0,0.0,,1.0,0.0,100.0,100.0,True,True,False,20.0,27.839720768759385,0.16599501747207743,0.005962524511321621
994,sn2002hw,20.4,1,Ia-norm,Ia,0,0,2.5924659800693846,0.10967514912703821,0.042305337840577134,6.275110216386011,500.0,0.0,,0.0,0.0,100.0,100.0,True,True,False,20.0,38.09536033895401,0.11097939650970709,0.0029131998102200985
1037,sn2003cg,-0.2,1,Ia-norm,Ia,0,0,37.82514693125842,0.3560869357122864,0.009414026503569739,20.0,500.0,0.0,,0.0,0.0,100.0,100.0,False,True,False,20.0,33.39094926230464,0.3401716581630085,0.010187540806066018
1042,sn2003cg,2.8,1,Ia-norm,Ia,0,0,36.1557161980034,0.3166006889591451,0.008756587401707412,10.268480914072592,500.0,0.0,,0.0,0.0,100.0,100.0,False,True,False,20.0,39.53439959599568,0.309844219949849,0.007837332123825454
1044,sn2003cg,6.8,1,Ia-norm,Ia,0,0,30.774308105865376,0.2865596004752699,0.009311650467964658,8.97870679157126,500.0,0.0,,0.0,0.0,100.0,100.0,False,True,False,20.0,26.084910554105434,0.2791577913539913,0.01070188800436793
1046,sn2003cg,7.7,1,Ia-norm,Ia,0,0,22.71498755463327,0.24026738639882506,0.010577482634359476,8.460454375004597,500.0,0.0,,0.0,0.0,100.0,100.0,False,True,False,20.0,56.632810360961905,0.2362498877235765,0.004171608052254248
1072,sn2003ch,13.5,1,Ia-norm,Ia,0,0,1.8219358362250802,0.17649384787597652,0.09687160456850065,7.441269295629117,500.0,0.0,,0.0,0.0,100.0,100.0,True,True,False,20.0,36.24856501060548,0.1774132455702631,0.004894352245898731
1134,sn2003ic,3.4,1,Ia-norm,Ia,0,0,5.07056300281031,0.21395191449708761,0.04219490308640418,8.680768747418778,500.0,0.0,,0.0,0.0,100.0,100.0,False,True,False,20.0,34.607447206066624,0.2093404130164174,0.006048998984811581
1138,sn2003ic,8.0,1,Ia-norm,Ia,0,0,2.00967350048341,0.10285763804694935,0.05118126801304182,6.372275258537241,500.0,0.0,,0.0,0.0,100.0,100.0,False,True,False,20.0,29.65747063969787,0.10213231003260725,0.0034437296178554933
1153,sn2003it,30.9,1,Ia-norm,Ia,0,0,2.8875515028559358,0.09676034394914579,0.033509478135176074,6.396857232555834,500.0,0.0,,0.0,0.0,100.0,100.0,True,True,False,20.0,37.27296187368937,0.09505899539168554,0.0025503472386718693
1154,sn2003it,31.9,1,Ia-norm,Ia,0,0,2.9505712612639523,0.10543346914810683,0.03573323936699015,6.4143161343789,500.0,0.0,,0.0,0.0,100.0,100.0,True,True,False,20.0,31.255224152214012,0.10382214167355425,0.003321753226530607
1162,sn2003iv,6.986,1,Ia-norm,Ia,0,0,11.838933693360412,0.29308262219496967,0.024755829349676836,10.0,500.0,0.0,,0.0,0.0,100.0,100.0,True,True,False,20.0,20.135598297002645,0.28304792630118714,0.01405709043884339
1283,sn2004dt,26.4,1,Ia-norm,Ia,0,0,1.8066338832891917,0.0939693865633165,0.052013519414478196,6.067417084459612,500.0,0.0,,0.0,0.0,100.0,100.0,True,True,False,20.0,27.9778231607733,0.08984281486348164,0.003211215338205691
1355,sn2004l,2.5,1,Ia-norm,Ia,0,0,12.985212705696071,0.3078067711576596,0.02370440732346553,10.0,500.0,0.0,,0.0,0.0,100.0,100.0,True,True,False,20.0,24.611458230817817,0.30504931257327705,0.012394605379022296
1356,sn2004l,3.4,1,Ia-norm,Ia,0,0,15.456434617294336,0.306649018472158,0.019839570124991553,10.0,500.0,0.0,,0.0,0.0,100.0,100.0,True,True,False,20.0,27.32848858439202,0.3033229955701488,0.011099150054839992
1359,sn2004l,21.8,1,Ia-norm,Ia,0,0,3.3486596739248435,0.15201930387138088,0.04539705992075466,6.888348620895691,500.0,0.0,,0.0,0.0,100.0,100.0,True,True,False,20.0,33.9025223198246,0.15571487164834513,0.004593017303532322
1364,sn2004l,27.5,1,Ia-norm,Ia,0,0,2.4354194099607356,0.11916889523724442,0.04893156995868966,6.753432346920316,500.0,0.0,,0.0,0.0,100.0,100.0,True,True,False,20.0,34.67664770701583,0.11723916663121733,0.003380925619505525
1489,sn2005eu,8.3,1,Ia-norm,Ia,0,0,6.081948881590393,0.19328153927710254,0.03177954024936832,6.341256119956659,500.0,0.0,,0.0,0.0,100.0,100.0,True,True,False,20.0,30.475347746260947,0.1907408895380055,0.00625885850839578
1495,sn2005hf,8.2,1,Ia-norm,Ia,0,0,6.460510725210543,0.21583045604863543,0.03340764611788516,6.178165331822288,500.0,0.0,,0.0,0.0,100.0,100.0,True,True,False,20.0,27.800827563600436,0.21697989965320408,0.007804800024632914
1499,sn2005hf,12.9,1,Ia-norm,Ia,0,0,2.1087223595309488,0.10576106202052249,0.05015409522382421,8.305189980482055,500.0,0.0,,0.0,0.0,100.0,100.0,True,True,False,20.0,37.07936326384194,0.1078233538580654,0.0029079073739976995
1500,sn2005hf,14.9,1,Ia-norm,Ia,0,0,5.4781570413067335,0.14080276969687291,0.025702580016451388,7.366021760735957,500.0,0.0,,0.0,0.0,100.0,100.0,True,True,False,20.0,32.894559223315596,0.14005344583862572,0.0042576477431366866
1501,sn2005hf,17.8,1,Ia-norm,Ia,0,0,3.040632294711419,0.10836716624483823,0.035639681402227286,7.188940121448402,500.0,0.0,,0.0,0.0,100.0,100.0,True,True,False,20.0,29.372839626523998,0.11010339604143475,0.0037484763966099542
1509,sn2005kc,29.4,1,Ia-norm,Ia,0,0,5.51287018791571,0.13121970591004928,0.02380242984819137,6.88154826264708,500.0,0.0,,0.0,0.0,100.0,100.0,True,True,False,20.0,31.827800365946146,0.12949826864263053,0.0040687156245074975
1564,sn2006bt,32.9,1,Ia-norm,Ia,0,0,3.161306201316597,0.08565301870512677,0.027094186153006836,5.802925191025492,500.0,0.0,,0.0,0.0,100.0,100.0,True,True,False,20.0,33.079316364328555,0.08247784160951858,0.002493335735875711
1576,sn2006cm,-1.9,1,Ia-norm,Ia,0,0,7.829106079108799,0.22354536253929622,0.02855311452935924,7.2986321193277774,500.0,0.0,,0.0,0.0,100.0,100.0,False,True,False,20.0,43.52744230708043,0.2248505139201262,0.005165718498547081
1577,sn2006cm,-1.0,1,Ia-norm,Ia,0,0,9.00158894680591,0.337663307491636,0.03751152263084077,9.99967771397455,500.0,0.0,,0.0,0.0,100.0,100.0,True,True,False,20.0,20.169444264422047,0.3210392231692671,0.01591710802540877
1715,sn2006s,-2.6,1,Ia-norm,Ia,0,0,9.968822920951082,0.29738129796607143,0.029831134560638736,7.248414502059734,500.0,0.0,,0.0,0.0,100.0,100.0,True,True,False,20.0,35.01423972392428,0.30575658278217355,0.008732349615269766
1720,sn2006s,4.1,1,Ia-norm,Ia,0,0,7.359357417111112,0.2707748485031243,0.03679327326507481,8.3178436241681,500.0,0.0,,0.0,0.0,100.0,100.0,True,True,False,20.0,31.51585652920983,0.28177013608967033,0.00894058315783096
2037,sn1991t,-9.475,1,Ia-91T,Ia,1,0,6.059035289996785,0.06794537858140355,0.011213893850986235,6.884965246480044,500.0,0.0,,0.0,0.0,100.0,100.0,False,True,False,20.0,48.2578501158945,0.06897114636933191,0.0014292212811737991
2055,sn1991t,23.5,1,Ia-91T,Ia,1,0,11.7207889844418,0.1722601176153854,0.014696972861131093,6.92213372166064,500.0,0.0,,0.0,0.0,100.0,100.0,True,True,False,20.0,41.88419262314445,0.17548603779907887,0.004189791585050357
2061,sn1995ac,-5.614,1,Ia-91T,Ia,1,0,2.8007584035082935,0.12670261078198722,0.04523867914607581,7.058601149840907,500.0,0.0,,0.0,0.0,100.0,100.0,True,True,False,20.0,29.866846866982154,0.1226091166510983,0.004105191190659061
2065,sn1995bd,-12.0,1,Ia-91T,Ia,1,0,1.235538906728674,0.09808628498756675,0.07938745146218745,8.820743768544547,500.0,0.0,,0.0,3.0,100.0,100.0,True,True,False,20.0,26.252133815272288,0.09365896220256043,0.0035676704553469075
2066,sn1995bd,-10.1,1,Ia-91T,Ia,1,0,0.6779447448858518,0.04820110155695432,0.0710988645026965,6.520734530534288,500.0,0.0,,0.0,1.0,100.0,100.0,True,True,False,20.0,31.81381105803471,0.046497619433301114,0.0014615545226090714
2074,sn1997br,-8.0,1,Ia-91T,Ia,1,0,9.565669763316752,0.10535216509076915,0.011013569117217766,9.353871423293674,500.0,0.0,,0.0,1.0,100.0,100.0,False,True,False,20.0,41.38208757106784,0.10687399860059442,0.002582614963951578
2093,sn1998ab,-7.8,1,Ia-91T,Ia,1,0,2.2278778795482976,0.08220793110241872,0.0368996576774156,8.295580919032343,500.0,0.0,,0.0,3.0,100.0,100.0,True,True,False,20.0,37.03699067694223,0.08185776605413199,0.002210162449971763
2183,sn1999ac,26.7,1,Ia-91T,Ia,1,0,9.603775449777292,0.19996286670060742,0.020821276772484774,14.99967511017507,500.0,0.0,,0.0,0.0,100.0,100.0,True,True,False,20.0,11.770197450257735,0.18629993603290596,0.015828106267565333
2247,sn2001eh,-2.0,1,Ia-91T,Ia,1,0,5.254224680199547,0.2530890336100567,0.04816867359399727,8.34257751842218,500.0,0.0,,0.0,0.0,100.0,100.0,True,True,False,20.0,33.46387001514363,0.2438899968927618,0.007288158745010444
2252,sn2001eh,4.7,1,Ia-91T,Ia,1,0,11.366649248019934,0.2205521134161512,0.019403441471951048,6.903291441983327,500.0,0.0,,0.0,0.0,100.0,100.0,True,True,False,20.0,37.09339515604754,0.2153940221417598,0.005806802565136529
2253,sn2001eh,5.7,1,Ia-91T,Ia,1,0,11.469214224594714,0.23403292366928163,0.020405314530390302,7.063303772645652,500.0,0.0,,0.0,0.0,100.0,100.0,True,True,False,20.0,32.181895469664234,0.23188910056807913,0.007205576215567097
2255,sn2001eh,24.9,1,Ia-91T,Ia,1,0,10.775573304645324,0.18843213493485253,0.01748697072606057,10.0,500.0,0.0,,0.0,0.0,100.0,100.0,True,True,False,20.0,17.397209324887665,0.18411629849511604,0.010583093820209862
2258,sn2001eh,28.8,1,Ia-91T,Ia,1,0,6.268362715556781,0.15634661227311616,0.02494217698747652,6.3307766144751705,500.0,0.0,,0.0,0.0,100.0,100.0,True,True,False,20.0,34.10385910242785,0.15485138193442738,0.004540582385979994
2263,sn2001eh,35.5,1,Ia-91T,Ia,1,0,4.545205964268701,0.11581570904130412,0.025480849482238645,6.317262089605064,500.0,0.0,,0.0,0.0,100.0,100.0,True,True,False,20.0,33.87566087230907,0.11396021153712241,0.00336407345576767
2264,sn2001eh,36.5,1,Ia-91T,Ia,1,0,5.644629417942873,0.13195149124322714,0.023376466632829104,6.886693117971489,500.0,0.0,,0.0,0.0,100.0,100.0,True,True,False,20.0,24.743788879506486,0.1281852368276401,0.00518050155745577
2340,sn2005m,5.1,1,Ia-91T,Ia,1,0,6.975467420222471,0.24690074047110716,0.03539558363577486,8.146685744468854,500.0,0.0,,0.0,0.0,100.0,100.0,True,True,False,20.0,33.76904176862984,0.24417595627576638,0.007230763548126397
2342,sn2005m,24.7,1,Ia-91T,Ia,1,0,12.154100820941403,0.21144529189070724,0.017397032903198315,6.903324414192424,500.0,0.0,,0.0,0.0,100.0,100.0,True,True,False,20.0,33.454537738155715,0.21118668376951702,0.006312646894793392
2345,sn2005m,40.3,1,Ia-91T,Ia,1,0,4.016904046762619,0.15159695679299878,0.03773975057113369,6.83981329598721,500.0,0.0,,0.0,0.0,100.0,100.0,True,True,False,20.0,30.533666491312765,0.14710769268707363,0.004817884964091284
2397,sn1991bg,15.8,1,Ia-91bg,Ia,2,0,22.952645087322864,0.3298950950196307,0.014372857409878105,8.984077165212321,500.0,0.0,,0.0,0.0,100.0,100.0,True,True,False,20.0,32.0528966533579,0.3301422031830093,0.010299917874923894
2423,sn1997c,3.9,1,Ia-91bg,Ia,2,0,19.065853563072025,0.2759666194767077,0.014474391013430296,8.48619738664168,500.0,0.0,,0.0,0.0,100.0,100.0,True,True,False,20.0,32.9745951843737,0.2725126920143096,0.008264322594123928
2425,sn1997c,11.9,1,Ia-91bg,Ia,2,0,6.080471308519212,0.18354669833324297,0.030186261725481674,8.886649259492007,500.0,0.0,,1.0,0.0,100.0,100.0,True,True,False,20.0,33.190377869170106,0.18029417552028215,0.005432121810452597
2426,sn1997c,13.0,1,Ia-91bg,Ia,2,0,5.679809736591964,0.22136160815377956,0.0389734196072917,6.521600739181502,500.0,0.0,,0.0,0.0,100.0,100.0,True,True,False,20.0,34.224016976369434,0.21543334197133768,0.006294799997326069
2431,sn1997c,19.7,1,Ia-91bg,Ia,2,0,5.6018076373658685,0.16997118388728213,0.03034220289063826,7.949377150959354,500.0,0.0,,1.0,0.0,100.0,100.0,True,True,False,20.0,28.479994614273615,0.1693918070661219,0.005947747159377131
2432,sn1997c,20.8,1,Ia-91bg,Ia,2,0,0.6388866803474266,0.04097078140643592,0.06412840127478633,5.50320026033394,500.0,0.0,,0.0,0.0,100.0,100.0,True,True,False,20.0,44.39852554599298,0.04010492046753192,0.0009032939714627851
2433,sn1997c,21.7,1,Ia-91bg,Ia,2,0,2.190551466169996,0.08990865280025312,0.04104384406792834,6.523002117481998,500.0,0.0,,0.0,0.0,100.0,100.0,True,True,False,20.0,40.72608054431451,0.08817431120247739,0.002165057624598417
2480,sn2000c,20.9,1,Ia-91bg,Ia,2,0,2.153608057908794,0.08843429350872677,0.04106331845479749,6.020622614172495,500.0,0.0,,0.0,0.0,100.0,100.0,True,True,False,20.0,28.38194831226938,0.08750418858514311,0.0030830930851676406
2482,sn2000c,26.8,1,Ia-91bg,Ia,2,0,3.065175794661022,0.0921704099510876,0.030070187201540505,6.7308740981331585,500.0,0.0,,0.0,0.0,100.0,100.0,True,True,False,20.0,50.38260304424251,0.09315495990154417,0.001848950913070965
2483,sn2002cf,-5.4,1,Ia-91bg,Ia,2,0,9.282143436949076,0.3511606522862014,0.037831849364485096,8.752203284177753,500.0,0.0,,0.0,0.0,100.0,100.0,True,True,False,20.0,33.46676358824981,0.3480501061491107,0.010399873451501333
2492,sn2002e,9.0,1,Ia-91bg,Ia,2,0,4.810651618760267,0.17666596408360274,0.03672391561148437,6.013249814765446,500.0,0.0,2.0,0.0,0.0,100.0,100.0,True,True,False,20.0,31.66457223047517,0.1692842695566482,0.005346172634971606
2493,sn2002e,11.0,1,Ia-91bg,Ia,2,0,3.873841891662843,0.09939879437395174,0.02565897038489738,5.993446406592955,500.0,0.0,3.0,0.0,0.0,100.0,100.0,True,True,False,20.0,36.0539146165993,0.0951580481762323,0.0026393263862787685
2494,sn2002e,26.7,1,Ia-91bg,Ia,2,0,2.9760936423763464,0.12748817909899382,0.04283742194254253,5.539431614071388,500.0,0.0,2.0,0.0,0.0,100.0,100.0,True,True,False,20.0,37.93702680476076,0.12609257110278618,0.0033237336112740042
2499,sn2002fb,17.0,1,Ia-91bg,Ia,2,0,1.7563080346495819,0.08968522372649207,0.05106463214716549,5.867215786286679,500.0,0.0,2.0,0.0,0.0,100.0,100.0,True,True,False,20.0,26.413018102899848,0.0882457186634782,0.0033409933813580294
2501,sn2002fb,22.9,1,Ia-91bg,Ia,2,0,2.7042659902032615,0.11699624581331587,0.04326358658399651,5.714064760547884,500.0,0.0,,0.0,0.0,100.0,100.0,True,True,False,20.0,29.33228199046581,0.11342366226203741,0.003866854351765224
2502,sn2002fb,26.8,1,Ia-91bg,Ia,2,0,2.242043125328054,0.11331919479380217,0.050542825654712326,6.519083707107096,500.0,0.0,,0.0,0.0,100.0,100.0,True,True,False,20.0,33.18040095013161,0.11389316214857183,0.0034325432751625643
2516,sn2005bl,32.2,1,Ia-91bg,Ia,2,0,2.9551929092622027,0.141639473690898,0.04792901107977411,6.791506484303613,500.0,0.0,,0.0,1.0,100.0,100.0,True,True,False,20.0,31.120604189997568,0.14245682014412422,0.004577572442822658
2535,sn2006bz,-1.4,1,Ia-91bg,Ia,2,0,5.173004482055057,0.2869982219287914,0.05547998709925278,8.2274778897873,500.0,0.0,,0.0,0.0,100.0,100.0,True,True,False,20.0,31.069632451792085,0.28374881943600083,0.00913267383758942
2557,sn2006h,16.3,1,Ia-91bg,Ia,2,0,3.564009980204528,0.12027259948070142,0.033746426117976056,4.298984491438036,500.0,0.0,,0.0,0.0,100.0,100.0,True,True,False,20.0,48.00540018766388,0.11354772656230823,0.002365311529920065
2577,sn2007al,11.3,1,Ia-91bg,Ia,2,0,5.230038376789053,0.1319150588091066,0.025222579511949006,7.342337328198987,500.0,0.0,2.0,0.0,0.0,100.0,100.0,True,True,False,20.0,35.52193751462214,0.13109169689775965,0.0036904433167193507
2587,sn2007ba,2.085,1,Ia-91bg,Ia,2,0,14.665608428800756,0.2794221890847858,0.019052887607175453,8.525130658255131,500.0,0.0,,0.0,0.0,100.0,100.0,True,True,False,20.0,37.78830929133297,0.2794739975644377,0.007395779350957549
2699,sn2004gv,13.3,1,Ib-norm,Ib,4,1,7.733614249879627,0.14549238957523844,0.01881298767617004,4.7799181026159765,500.0,0.0,,0.0,0.0,100.0,100.0,True,True,False,20.0,33.544450347131566,0.13919650411550033,0.004149613503129087
2702,sn2004gv,49.3,1,Ib-norm,Ib,4,1,3.67046346744544,0.2119841910984859,0.05775406647652105,6.7637142845088825,500.0,0.0,2.0,0.0,0.0,100.0,100.0,True,True,False,20.0,32.758964626013864,0.2064182564329576,0.006301122724405065
2724,sn2005bf,31.7,1,Ib-norm,Ib,4,1,8.081955067187033,0.2898302343254385,0.03586140134608734,6.5499168035369975,500.0,0.0,2.0,0.0,0.0,100.0,100.0,True,True,False,20.0,33.76190712987214,0.2828677784272,0.008378311608378364
2737,sn2005hg,-0.29,1,Ib-norm,Ib,4,1,9.254504807488459,0.2548825479733466,0.027541457190351615,7.328164726384465,500.0,0.0,,0.0,0.0,100.0,100.0,True,True,False,20.0,32.270279849494315,0.250909327242643,0.007775244851078502
2745,sn2006ep,45.5,1,Ib-norm,Ib,4,1,13.118225344269362,0.34866021305670875,0.026578306432967276,6.505358917650746,500.0,0.0,2.0,0.0,0.0,100.0,100.0,True,True,False,20.0,26.163181211327277,0.33882657739447497,0.012950511432752717
2782,sn2008d,18.0,1,Ib-norm,Ib,4,1,11.173932339322958,0.3070817410321177,0.027481976058817283,6.252003059873451,500.0,0.0,,0.0,0.0,100.0,100.0,True,True,False,20.0,25.434085130527215,0.3040207178159942,0.011953279084180382
2826,sn2009jf,24.0,1,Ib-norm,Ib,4,1,15.141279935732467,0.2671995002006307,0.017647088049013396,6.1027702818696925,500.0,0.0,2.0,0.0,0.0,100.0,100.0,True,True,False,20.0,36.49066711967917,0.25443223265458875,0.006972528943363032
2830,sn2009jf,31.0,1,Ib-norm,Ib,4,1,13.431609030195977,0.26977490953026045,0.020085077590017094,9.999670809290835,500.0,0.0,2.0,0.0,0.0,100.0,100.0,True,True,False,20.0,20.168210362720565,0.2569104389045352,0.012738385522763834
2833,sn2009jf,46.6,1,Ib-norm,Ib,4,1,10.532590581139521,0.2806941348038589,0.02665005656884563,10.0,500.0,0.0,2.0,0.0,0.0,100.0,100.0,True,True,False,20.0,29.373101442767645,0.27120753222143756,0.009233193598908
2854,sn2000er,6.7,1,Ibn,Ib,5,1,9.98625814680979,0.1665537308178321,0.01667829214599658,4.222583756861007,50.0,50.0,,0.0,0.0,100.0,100.0,True,True,False,20.0,59.766729757307964,0.16444064319767956,0.002751374282404545
2855,sn2000er,8.7,1,Ibn,Ib,5,1,8.796607160441205,0.16029758774695607,0.018222660717170887,4.418207716330366,50.0,50.0,,0.0,0.0,100.0,100.0,True,True,False,20.0,40.95484447978847,0.1583995178164131,0.0038676625397658262
2856,sn2000er,9.7,1,Ibn,Ib,5,1,14.629973254604552,0.1955993057474085,0.013369765094125973,4.832422652220371,50.0,50.0,,0.0,0.0,100.0,100.0,True,True,False,20.0,52.58265656914828,0.1996979812181856,0.0037977917862627355
2860,sn2002ao,30.6,1,Ibn,Ib,5,1,10.727803136122336,0.25836681278879375,0.024083851046709535,5.955747894879099,50.0,50.0,,0.0,0.0,100.0,100.0,True,False,False,20.0,28.691200647506715,0.24566908846317723,0.008562523802381412
2868,sn2006jc,15.5,1,Ibn,Ib,5,1,32.23444714989825,0.2468610913960637,0.007658300768990944,6.034354716420196,50.0,50.0,,0.0,0.0,100.0,100.0,True,True,False,20.0,35.455573957598325,0.24115015907285622,0.00680147384897083
2869,sn2006jc,17.5,1,Ibn,Ib,5,1,56.50988076948305,0.2431219856115184,0.004302291604600434,10.0,50.0,50.0,,0.0,0.0,100.0,100.0,True,True,False,20.0,27.99265260369254,0.2439704077331704,0.008715515860079227
2870,sn2006jc,18.5,1,Ibn,Ib,5,1,83.33232975408708,0.2403099764282412,0.0028837544460522543,6.515035818271449,50.0,50.0,,0.0,0.0,100.0,100.0,True,True,False,20.0,32.754253721805966,0.24526592190326035,0.007488063198947986
2871,sn2006jc,19.5,1,Ibn,Ib,5,1,34.86401925520926,0.25961924675488546,0.007446624121402585,6.249946127987944,50.0,50.0,,0.0,0.0,100.0,100.0,True,True,False,20.0,28.25322895372755,0.25882393689085187,0.009160862190822416
2872,sn2006jc,30.5,1,Ibn,Ib,5,1,27.850001481286547,0.23337835136049387,0.008379832637255315,6.5537941215224205,50.0,50.0,,0.0,0.0,100.0,100.0,True,True,False,20.0,33.951385019026915,0.2332034763476015,0.0068687470692848146
2873,sn2006jc,33.5,1,Ibn,Ib,5,1,27.240658996107463,0.24947293600760734,0.009158109429116807,6.852956388821132,50.0,50.0,,0.0,0.0,100.0,100.0,True,True,False,20.0,29.549883301175697,0.2529398164198861,0.00855975686407609
2874,sn2006jc,35.5,1,Ibn,Ib,5,1,47.47878988513879,0.25102994619669733,0.005287201860114627,9.999662578252549,50.0,50.0,,0.0,0.0,100.0,100.0,True,True,False,20.0,26.80431087755197,0.24364242650148937,0.009089673210197493
2875,sn2006jc,38.5,1,Ibn,Ib,5,1,23.214612263911153,0.24246727292110473,0.01044459714272455,6.4732811949514,50.0,50.0,,0.0,0.0,100.0,100.0,True,True,False,20.0,35.303894834670494,0.24932392314130322,0.0070622214435233505
2876,sn2006jc,42.5,1,Ibn,Ib,5,1,64.23412016370851,0.25080764496388086,0.003904585978988533,7.022999552719082,50.0,50.0,,0.0,0.0,100.0,100.0,True,True,False,20.0,34.11323117651847,0.25204715934467053,0.007388545460277738
2877,sn2006jc,43.0,1,Ibn,Ib,5,1,95.38711897442828,0.25437274790247283,0.002666741071933056,6.457328726810891,50.0,50.0,,0.0,0.0,100.0,100.0,True,True,False,20.0,24.646520324086808,0.25403402912115597,0.010307095110415686
2878,sn2006jc,47.5,1,Ibn,Ib,5,1,32.346456065855655,0.2619105194913612,0.008097039099372288,6.4676191096578455,50.0,50.0,,0.0,0.0,100.0,100.0,True,True,False,20.0,29.56509302833616,0.26551955324411364,0.008980846195533054
2902,sn1993j,31.6,1,IIb,Ib,6,1,24.536071125588354,0.39872258315192993,0.016250465737202208,8.391658417007802,500.0,0.0,,0.0,0.0,100.0,100.0,True,True,False,20.0,33.000841850210485,0.39593807862215774,0.011997817522937899
2913,sn1996cb,3.6,1,IIb,Ib,6,1,16.72566084471936,0.1808142787621931,0.010810591009878091,6.561916294888745,500.0,0.0,,1.0,0.0,100.0,100.0,True,True,False,20.0,26.867740488233245,0.18313126652727793,0.006816027816238602
2924,sn1998fa,18.3,1,IIb,Ib,6,1,3.262370369010352,0.21339559920454462,0.06541121180832657,7.942032460133155,500.0,0.0,,0.0,0.0,100.0,100.0,True,True,False,20.0,30.698409650548125,0.2134238115907738,0.006952275835141287
2927,sn2000h,-0.1,1,IIb,Ib,6,1,4.439701278514348,0.23422263951262795,0.05275639616704248,7.794086533745632,500.0,0.0,,1.0,0.0,100.0,100.0,True,True,False,20.0,32.788901216746716,0.22897578298219126,0.006983331996048815
2932,sn2000h,16.8,1,IIb,Ib,6,1,10.733127158531225,0.30860768439941944,0.028752821040988287,6.312103248596418,500.0,0.0,,0.0,0.0,100.0,100.0,True,True,False,20.0,32.61243450073136,0.31104880657871464,0.009537736490409482
2946,sn2006el,9.82,1,IIb,Ib,6,1,8.053567960999663,0.19392445669061617,0.024079322063179677,5.541102345768189,500.0,0.0,,0.0,0.0,100.0,100.0,True,True,False,20.0,33.340470361228974,0.1915377446960231,0.00574490229504257
2947,sn2006el,10.82,1,IIb,Ib,6,1,5.257457783904468,0.2050558865812536,0.03900285936846233,5.636677561434386,500.0,0.0,5.0,0.0,0.0,100.0,100.0,True,True,False,20.0,46.333560894571164,0.20103336157003768,0.004338828220595332
2948,sn2006el,11.82,1,IIb,Ib,6,1,8.131915676154435,0.21193716268739335,0.02606239060113053,5.736622492602372,500.0,0.0,3.0,0.0,0.0,100.0,100.0,True,True,False,20.0,34.48938888595376,0.2090343646777498,0.0060608312130135105
2949,sn2006el,12.82,1,IIb,Ib,6,1,9.355951140835737,0.2681808470520965,0.028664199183509285,10.0,500.0,0.0,3.0,0.0,0.0,100.0,100.0,True,True,False,20.0,17.313517935972012,0.26064794350900533,0.015054591705332247
2950,sn2006el,15.82,1,IIb,Ib,6,1,9.050463935057532,0.2027031141627149,0.022396986012786797,6.79181767122677,500.0,0.0,,0.0,0.0,100.0,100.0,True,True,False,20.0,39.60350943128938,0.2026522751092749,0.005117028213392782
2951,sn2006el,16.82,1,IIb,Ib,6,1,3.3124168024091594,0.0949876876173648,0.02867624857725608,6.175315172467949,500.0,0.0,2.0,0.0,0.0,100.0,100.0,True,True,False,20.0,41.70505434082657,0.09588901481990825,0.002299218076453603
2981,sn2008bo,-3.2,1,IIb,Ib,6,1,10.6119248684556,0.31092384846569493,0.029299476986491806,14.999675271326815,500.0,0.0,,1.0,0.0,100.0,100.0,True,True,False,20.0,17.751788590160594,0.30111771563074585,0.016962669091138707
2982,sn2008bo,-1.2,1,IIb,Ib,6,1,11.812100693248464,0.28340539173072865,0.02399280188093189,9.999678199085503,500.0,0.0,,1.0,0.0,100.0,100.0,True,True,False,20.0,28.358800164383705,0.28192771690074864,0.009941454337508482
2986,sn2008bo,30.8,1,IIb,Ib,6,1,13.758381973952869,0.36057241093756515,0.026207472042874998,6.773996098723233,500.0,0.0,2.0,0.0,0.0,100.0,100.0,True,True,False,20.0,30.178920225271582,0.35750676641119566,0.011846241142578137
3030,sn2011ei,-4.0,1,IIb,Ib,6,1,19.109513562906628,0.3809970605639064,0.019937559337117702,10.0,500.0,0.0,,1.0,0.0,100.0,100.0,True,True,False,20.0,24.124204422892056,0.3803589457807513,0.015766693861200217
3032,sn2011ei,8.0,1,IIb,Ib,6,1,25.672724219128686,0.2825261100551243,0.01100491352782167,9.999671938529533,500.0,0.0,,0.0,0.0,100.0,100.0,True,True,False,20.0,28.490204334317795,0.2712764632408629,0.009521745090262396
3056,sn2012p,-10.96,1,IIb,Ib,6,1,35.338792758572914,0.10898022645171467,0.0030838695366942584,4.315157299670468,500.0,0.0,,0.0,0.0,100.0,100.0,True,False,False,20.0,45.96032707997525,0.10870885171303493,0.002365275850275639
3058,sn2012p,-6.96,1,IIb,Ib,6,1,14.88846822007959,0.1482268573457773,0.009955816485262642,4.79748767641293,500.0,0.0,,0.0,0.0,100.0,100.0,True,True,False,20.0,46.862458427743626,0.14521729992533242,0.00309879815949563
3060,sn2012p,1.04,1,IIb,Ib,6,1,15.574124142072717,0.22451701885151307,0.014416028587122378,5.2045950568633685,500.0,0.0,,0.0,0.0,100.0,100.0,True,False,False,20.0,31.1056335562036,0.22928758648280503,0.007371255951707716
3061,sn2012p,8.04,1,IIb,Ib,6,1,20.316962808023867,0.37397666054794093,0.018407114492538457,6.431085567955737,500.0,0.0,3.0,0.0,0.0,100.0,100.0,True,True,False,20.0,30.16535342515907,0.38647535130276395,0.012811895350791037
3063,sn2012p,29.61,1,IIb,Ib,6,1,3.959400301878816,0.2050744355587353,0.05179431730139115,6.219155316791546,500.0,0.0,,0.0,0.0,100.0,100.0,True,True,False,20.0,34.110172712124836,0.20324717547751484,0.005958550171904242
3077,u2016gkg,-6.67,1,IIb,Ib,6,1,11.54708483135242,0.28417842648474656,0.024610404325873733,15.0,500.0,0.0,2.0,1.0,0.0,100.0,100.0,True,True,False,20.0,27.283318700130902,0.2814942296632504,0.010317448282488442
3080,u2016gkg,-0.7,1,IIb,Ib,6,1,20.73478264385132,0.29296835732131704,0.014129318949393167,8.758614515809558,500.0,500.0,,0.0,0.0,100.0,100.0,True,True,False,20.0,30.185092089620284,0.29113842641159565,0.009645106450137653
3082,u2016gkg,1.36,1,IIb,Ib,6,1,8.97691301079042,0.17766799562604468,0.019791658381058654,6.984977511248896,500.0,500.0,,0.0,0.0,100.0,100.0,True,True,False,20.0,30.101022224904703,0.17984819891921214,0.005974820309272122
3088,sn1990b,5.9,1,Ic-norm,Ic,7,2,7.481567715264644,0.3463251741659938,0.04629045506857961,6.3280004810898145,500.0,0.0,,0.0,0.0,100.0,100.0,True,True,False,20.0,29.013665696621914,0.32517045341396594,0.011207492938468159
3089,sn1990b,6.0,1,Ic-norm,Ic,7,2,6.582236630058218,0.3132295728657334,0.04758710305784965,10.0,500.0,0.0,,0.0,0.0,100.0,100.0,True,True,False,20.0,22.173590488581812,0.30477158718984254,0.01374480093094455
3159,sn2004fe,22.22,1,Ic-norm,Ic,7,2,10.261864117602975,0.2707133116434152,0.026380520005038807,6.306442532912904,500.0,0.0,,0.0,0.0,100.0,100.0,True,True,False,20.0,27.810278959584288,0.26459114272623663,0.009514149178825489
3160,sn2004ge,12.2,1,Ic-norm,Ic,7,2,1.4411344621845275,0.10852356581128127,0.07530426109356725,6.101727785478371,500.0,0.0,,0.0,0.0,100.0,100.0,True,True,False,20.0,24.932153907452875,0.10435557586672836,0.00418558205015467
3174,sn2005az,17.3,1,Ic-norm,Ic,7,2,9.39346526321305,0.2531863137831893,0.02695345186134073,5.614679218616028,500.0,0.0,2.0,0.0,0.0,100.0,100.0,True,False,False,20.0,46.78183718593567,0.24476453834875309,0.005232042028959441
3182,sn2005az,32.3,1,Ic-norm,Ic,7,2,6.713498360200798,0.27178811262734165,0.04048382796048119,6.075049746369609,500.0,0.0,2.0,0.0,0.0,100.0,100.0,True,True,False,20.0,33.068698201486264,0.26250882725854124,0.007938287309016079
3193,sn2007gr,7.0,1,Ic-norm,Ic,7,2,9.211806718269766,0.07513603282725678,0.008156492545402584,5.228611177111003,500.0,0.0,2.0,0.0,0.0,100.0,100.0,True,False,False,20.0,26.624043342480476,0.07525882772749524,0.002826724204111201
3196,sn2007gr,10.0,1,Ic-norm,Ic,7,2,13.836065012933117,0.12354422355586599,0.008929144481497038,5.22404923943063,500.0,0.0,2.0,0.0,0.0,100.0,100.0,True,True,False,20.0,36.18299181280717,0.1200338159777492,0.0033174099200736235
3197,sn2007gr,13.0,1,Ic-norm,Ic,7,2,19.77524968584833,0.18438939075587538,0.009324250954354782,5.959062679664711,500.0,0.0,2.0,0.0,0.0,100.0,100.0,True,True,False,20.0,33.60742789451195,0.1845508721770491,0.0054913715133548206
3198,sn2007gr,14.0,1,Ic-norm,Ic,7,2,21.40204403224123,0.2055497030464413,0.009604208959517595,6.132905658168255,500.0,0.0,2.0,0.0,0.0,100.0,100.0,True,True,False,20.0,30.590730860667385,0.20751279979694706,0.006783518862040678
3200,sn2007gr,16.0,1,Ic-norm,Ic,7,2,22.991792543288287,0.23651300102561273,0.010286844776470249,6.17095463667831,500.0,0.0,2.0,0.0,0.0,100.0,100.0,True,True,False,20.0,43.18968128371038,0.23434680074434755,0.005425990509282478
3209,sn2011bm,-7.6,1,Ic-norm,Ic,7,2,4.424405174758535,0.11037274665796691,0.024946346977363025,6.154873342075026,500.0,0.0,,0.0,0.0,100.0,100.0,True,True,False,20.0,33.000274973598934,0.11311478028258407,0.00342769205326558
3211,sn2011bm,-0.9,1,Ic-norm,Ic,7,2,4.119732402322308,0.1585065860938274,0.03847497133660348,6.51344794758789,500.0,0.0,,0.0,0.0,100.0,100.0,True,True,False,20.0,44.08515591510595,0.15673384143100763,0.0035552520610980117
3213,sn2011bm,16.4,1,Ic-norm,Ic,7,2,3.3172648825879634,0.07985281983563915,0.02407188532178413,5.761969381108685,500.0,0.0,,0.0,0.0,100.0,100.0,True,True,False,20.0,32.094315040847576,0.0809534432738855,0.002522360834647917
3214,sn2011bm,49.8,1,Ic-norm,Ic,7,2,22.324682700787957,0.15447502216510484,0.006919472237769031,4.677330044196191,500.0,0.0,2.0,0.0,0.0,100.0,100.0,False,True,False,20.0,57.03117456969473,0.15291003677657242,0.002681165834831427
3224,u2013ge,-15.5,1,Ic-norm,Ic,7,2,6.543078803123761,0.0938510659797523,0.01434356345134441,4.2919813405724625,500.0,0.0,,0.0,0.0,100.0,100.0,True,True,False,20.0,52.72712726299208,0.09473419227326157,0.0017966879136188643
3244,LSQ2014efd,3.93,1,Ic-norm,Ic,7,2,0.8372579736943766,0.05173888985097113,0.06179563703965073,6.266411153873074,500.0,0.0,,0.0,0.0,100.0,100.0,True,True,False,20.0,41.21945285868569,0.05113615887783878,0.001240583155073672
3254,u2015dtg,-2.39,1,Ic-norm,Ic,7,2,0.7639522798681516,0.06804207805248946,0.0890658747222178,6.241810654656249,500.0,0.0,,0.0,0.0,100.0,100.0,True,True,False,20.0,48.62452080552956,0.06762599650815095,0.001390779701019913
3361,sn2003jd,26.4,1,Ic-broad,Ic,8,2,4.1306726166538565,0.16092734981658502,0.038959115076746945,8.104121255911192,500.0,0.0,,0.0,0.0,100.0,100.0,True,True,False,20.0,38.7350087707718,0.1589056228860833,0.004102377356526853
3432,PTF2010vgv,36.7,1,Ic-broad,Ic,8,2,2.978698294806225,0.16009834141160764,0.05374775340314304,7.452766186724195,500.0,0.0,,0.0,0.0,100.0,100.0,True,True,False,20.0,43.57916406550713,0.16014554398595549,0.0036748190888936886
3440,sn2012ap,14.0,1,Ic-broad,Ic,8,2,19.992164044906644,0.3082500208036632,0.015418541990315216,10.0,500.0,0.0,,0.0,0.0,100.0,100.0,True,True,False,20.0,23.538238362426647,0.30610100648589267,0.013004414424424902
3443,sn2013dx,-5.0,1,Ic-broad,Ic,8,2,0.7131441698669003,0.05935191501092872,0.08322568916465521,6.805284161510346,500.0,0.0,,0.0,0.0,100.0,100.0,True,True,False,20.0,40.676770062545344,0.05874321828611031,0.0014441465779063988
3457,sn2013dx,23.0,1,Ic-broad,Ic,8,2,1.0096289251987518,0.0817440995396247,0.08096449844038775,8.209530267854783,500.0,0.0,2.0,1.0,0.0,100.0,100.0,True,True,False,20.0,36.58153993863714,0.0865246401806231,0.002365254178084407
3493,sn1999em,27.2,1,IIP,II,9,3,70.90772908263568,0.38682063762486785,0.005455267608049725,10.0,500.0,0.0,,0.0,0.0,100.0,100.0,True,True,False,20.0,27.911202738406818,0.38187678223652466,0.013681846168207164
3494,sn1999em,32.5,1,IIP,II,9,3,70.52688300743412,0.3899786246494846,0.005529503191121853,7.0337631267421745,500.0,0.0,,0.0,0.0,100.0,100.0,True,True,False,20.0,40.64183941537251,0.40599468252268384,0.009989574496697583
3495,sn1999em,34.3,1,IIP,II,9,3,60.63864956226122,0.3919992284305692,0.006464511186517781,6.92088340642597,500.0,0.0,,0.0,0.0,100.0,100.0,True,True,False,20.0,30.194416704119313,0.39444933951159233,0.013063651580915589
3496,sn1999em,35.3,1,IIP,II,9,3,47.74398925622176,0.41400481156960406,0.008671349378616347,6.907968035987332,500.0,0.0,,0.0,0.0,100.0,100.0,True,True,False,20.0,25.670035943304804,0.4011896360425111,0.015628713451301124
3497,sn1999em,37.3,1,IIP,II,9,3,23.579547235641765,0.3694849428796645,0.01566972169512941,7.641411339612161,500.0,0.0,,0.0,0.0,100.0,100.0,True,True,False,20.0,33.5705369072941,0.35738194357423225,0.01064570234789964
3498,sn1999em,39.2,1,IIP,II,9,3,23.924519923388594,0.39500636794192556,0.016510524315924417,7.512594942540708,500.0,0.0,2.0,0.0,0.0,100.0,100.0,True,True,False,20.0,34.492287419209454,0.3808458074867039,0.01104147726875902
3504,sn1999gi,26.9,1,IIP,II,9,3,71.56176541533468,0.3791195036373003,0.005297794170349804,10.0,500.0,0.0,,0.0,0.0,100.0,100.0,True,True,False,20.0,30.0293276608341,0.36629960749198615,0.012198062228670349
3522,sn2004et,33.1,1,IIP,II,9,3,88.24727535751235,0.36271233036635725,0.004110181633335608,10.0,500.0,0.0,,0.0,0.0,100.0,100.0,True,True,False,20.0,25.748493560653223,0.35181931295373225,0.013663685299685036
3523,sn2004et,34.1,1,IIP,II,9,3,95.18863993427844,0.3682772459715972,0.003868920138220997,10.0,500.0,0.0,,0.0,0.0,100.0,100.0,True,True,False,20.0,24.11177732956832,0.3623009508277263,0.015025891533239896
3524,sn2004et,34.5,1,IIP,II,9,3,72.43135491555547,0.3661477073558363,0.0050550995184711345,10.0,500.0,0.0,,0.0,0.0,100.0,100.0,True,True,False,20.0,24.511187059177086,0.3566300289315603,0.014549684112423949
3525,sn2004et,35.1,1,IIP,II,9,3,71.95563397188062,0.3667692875625578,0.005097158725693206,10.0,500.0,0.0,,0.0,0.0,100.0,100.0,True,True,False,20.0,35.48829281823359,0.35896034244601116,0.010114894629746188
3526,sn2004et,39.5,1,IIP,II,9,3,57.15090784597712,0.36092783686482893,0.006315347392862715,10.0,500.0,0.0,,0.0,0.0,100.0,100.0,True,True,False,20.0,23.00585950456107,0.3615713265451727,0.015716488509089986
3527,sn2004et,42.0,1,IIP,II,9,3,63.018671849727625,0.38332060659015904,0.006082651305381578,6.646944452393938,500.0,0.0,,0.0,0.0,100.0,100.0,True,True,False,20.0,38.772034987207476,0.3944177346016875,0.010172737508666298
3528,sn2004et,47.4,1,IIP,II,9,3,61.17749767188418,0.3790243839250972,0.006195486875876069,6.739638407639104,500.0,0.0,,0.0,0.0,100.0,100.0,True,True,False,20.0,35.69939725900607,0.3773273535199575,0.0105695721074049
3543,sn2005c,9.0,1,IIP,II,9,3,44.05169949529886,0.3485912428175662,0.00791323029103037,9.999653894642549,500.0,0.0,2.0,1.0,0.0,100.0,100.0,True,True,False,20.0,29.388291982659943,0.33658894530612926,0.01145316459713711
3545,sn2005c,9.8,1,IIP,II,9,3,70.27660722676002,0.349688814622857,0.004975892098696848,10.0,500.0,0.0,2.0,1.0,0.0,100.0,100.0,True,True,False,20.0,30.27196945852204,0.3387032334329566,0.011188675183391686
3546,sn2005c,10.0,1,IIP,II,9,3,40.64325392562458,0.3508500803066941,0.008632430881364343,9.999652148290728,500.0,0.0,2.0,1.0,0.0,100.0,100.0,True,True,False,20.0,29.817325747402066,0.3450536204478444,0.011572252433735051
3547,sn2005c,12.7,1,IIP,II,9,3,68.58946553646538,0.3415994746827903,0.004980348979409673,7.147699721295797,500.0,0.0,3.0,1.0,0.0,100.0,100.0,True,True,False,20.0,46.158883016556985,0.34153358511408133,0.007399086866802534
3550,sn2005c,26.0,1,IIP,II,9,3,19.46889660504553,0.37815072639081837,0.019423326039587546,6.069297411338885,500.0,0.0,3.0,1.0,0.0,100.0,100.0,True,True,False,20.0,50.872880138553356,0.37603477450885564,0.0073916549148528065
3551,sn2005c,27.0,1,IIP,II,9,3,20.048798276656864,0.38302953399126777,0.019104862481320647,6.333294785784298,500.0,0.0,3.0,1.0,0.0,100.0,100.0,True,True,False,20.0,34.25957880660847,0.36902399007393416,0.01077141059313758
3552,sn2005c,29.8,1,IIP,II,9,3,44.454463461135234,0.389225389925075,0.008755597517566695,5.987577022333555,500.0,0.0,3.0,0.0,0.0,100.0,100.0,True,True,False,20.0,44.80931404987465,0.3910221862939894,0.00872635956575379
3553,sn2005c,31.7,1,IIP,II,9,3,39.27305811484425,0.40228201530806984,0.010243205765430759,5.648189981760307,500.0,0.0,3.0,0.0,0.0,100.0,100.0,True,True,False,20.0,38.24799218107393,0.395846005644672,0.010349458444005501
3554,sn2005c,39.7,1,IIP,II,9,3,5.943744188308515,0.25306679742978344,0.042577000189135294,6.31721496572611,500.0,0.0,2.0,0.0,0.0,100.0,100.0,True,True,False,20.0,26.95600933955767,0.24390515252029796,0.0090482663604946
