,SN Name,SN Subtype,SN Subtype ID,SN Maintype,SN Maintype ID,Spectral Phase
121,sn1994d,Ia-norm,0,Ia,0,26.2
125,sn1994d,Ia-norm,0,Ia,0,48.0
168,sn1998de,Ia-91bg,2,Ia,0,-7.2
195,sn1992ar,Ic-norm,7,Ic,2,3.4
269,sn1999em,IIP,9,II,3,44.1
511,sn1984l,Ib-norm,4,Ib,1,8.0
512,sn1984l,Ib-norm,4,Ib,1,9.0
513,sn1984l,Ib-norm,4,Ib,1,11.9
514,sn1984l,Ib-norm,4,Ib,1,12.9
515,sn1984l,Ib-norm,4,Ib,1,27.9
522,sn1989b,Ia-norm,0,Ia,0,3.5
523,sn1989b,Ia-norm,0,Ia,0,5.5
524,sn1989b,Ia-norm,0,Ia,0,7.5
525,sn1989b,Ia-norm,0,Ia,0,9.5
526,sn1989b,Ia-norm,0,Ia,0,11.5
528,sn1989b,Ia-norm,0,Ia,0,13.4
572,sn1992a,Ia-norm,0,Ia,0,6.9
575,sn1992a,Ia-norm,0,Ia,0,15.8
577,sn1992a,Ia-norm,0,Ia,0,23.8
578,sn1992a,Ia-norm,0,Ia,0,27.8
584,sn2003cg,Ia-norm,0,Ia,0,-8.9
595,sn2003cg,Ia-norm,0,Ia,0,-2.1
624,sn1996ab,Ia-norm,0,Ia,0,1.3
652,sn1998ec,Ia-norm,0,Ia,0,38.2
687,sn1995d,Ia-norm,0,Ia,0,3.6
735,sn1992h,IIP,9,II,3,24.5
838,sn1998dx,Ia-norm,0,Ia,0,-1.7
839,sn1998dx,Ia-norm,0,Ia,0,-0.7
841,sn1998dx,Ia-norm,0,Ia,0,2.1
850,sn1994q,Ia-norm,0,Ia,0,18.6
937,sn1994m,Ia-norm,0,Ia,0,39.8
1003,sn1998co,Ia-norm,0,Ia,0,28.4
1008,sn1981b,Ia-norm,0,Ia,0,26.3
1009,sn1981b,Ia-norm,0,Ia,0,33.2
1113,sn1986g,Ia-91bg,2,Ia,0,0.3
1115,sn1986g,Ia-91bg,2,Ia,0,1.3
1116,sn1986g,Ia-91bg,2,Ia,0,20.7
1117,sn1986g,Ia-91bg,2,Ia,0,21.7
1118,sn1986g,Ia-91bg,2,Ia,0,22.7
1119,sn1986g,Ia-91bg,2,Ia,0,31.7
1120,sn1986g,Ia-91bg,2,Ia,0,41.2
1169,sn2002er,Ia-norm,0,Ia,0,-5.4
1285,sn1995e,Ia-norm,0,Ia,0,-2.9
1286,sn1995e,Ia-norm,0,Ia,0,-0.9
1287,sn1995e,Ia-norm,0,Ia,0,1.0
1288,sn1995e,Ia-norm,0,Ia,0,3.9
1289,sn1995e,Ia-norm,0,Ia,0,5.9
1308,sn1995d,Ia-norm,0,Ia,0,4.2
1320,sn1998bu,Ia-norm,0,Ia,0,1.2
1386,sn1998v,Ia-norm,0,Ia,0,30.8
1389,sn2006cj,Ia-norm,0,Ia,0,-2.1
1390,sn2006cj,Ia-norm,0,Ia,0,-1.2
1391,sn2006cj,Ia-norm,0,Ia,0,-0.2
1392,sn2006cj,Ia-norm,0,Ia,0,4.4
1393,sn2006cj,Ia-norm,0,Ia,0,5.4
1394,sn2006cj,Ia-norm,0,Ia,0,8.2
1395,sn2006cj,Ia-norm,0,Ia,0,9.1
1396,sn2006cj,Ia-norm,0,Ia,0,11.0
1506,sn2000fa,Ia-norm,0,Ia,0,-10.4
1521,sn1989b,Ia-norm,0,Ia,0,2.6
1522,sn1989b,Ia-norm,0,Ia,0,4.6
1523,sn1989b,Ia-norm,0,Ia,0,6.6
1524,sn1989b,Ia-norm,0,Ia,0,8.6
1525,sn1989b,Ia-norm,0,Ia,0,10.6
1527,sn1989b,Ia-norm,0,Ia,0,12.6
1556,sn1998ab,Ia-91T,1,Ia,0,6.7
1599,sn1991t,Ia-91T,1,Ia,0,-12.8
1629,sn1996x,Ia-norm,0,Ia,0,11.9
1828,sn1999cl,Ia-norm,0,Ia,0,4.6
1876,sn1998e,Ia-91T,1,Ia,0,-9.4
1934,sn2005hj,Ia-91T,1,Ia,0,3.3
1936,sn2005hj,Ia-91T,1,Ia,0,9.9
1937,sn2005hj,Ia-91T,1,Ia,0,17.4
1938,sn2005hj,Ia-91T,1,Ia,0,24.0
1939,sn2005hj,Ia-91T,1,Ia,0,32.5
2051,sn1990n,Ia-norm,0,Ia,0,1.6
2133,sn2005c,IIP,9,II,3,-1.2
2144,sn2005c,IIP,9,II,3,4.2
2329,sn2005hk,Iax,3,Ia,0,-4.2
2330,sn2005hk,Iax,3,Ia,0,-3.4
2352,sn2007ae,Ia-norm,0,Ia,0,3.3
2357,sn1999cc,Ia-norm,0,Ia,0,18.2
2360,sn1984a,Ia-norm,0,Ia,0,-7.0
2361,sn1984a,Ia-norm,0,Ia,0,-6.7
2362,sn1984a,Ia-norm,0,Ia,0,-5.9
2363,sn1984a,Ia-norm,0,Ia,0,-4.9
2364,sn1984a,Ia-norm,0,Ia,0,-2.8
2365,sn1984a,Ia-norm,0,Ia,0,8.1
2366,sn1984a,Ia-norm,0,Ia,0,17.0
2367,sn1984a,Ia-norm,0,Ia,0,19.1
2368,sn1984a,Ia-norm,0,Ia,0,26.2
2454,sn1991t,Ia-91T,1,Ia,0,-11.5
2533,sn2002er,Ia-norm,0,Ia,0,-6.0
2559,sn1998eg,Ia-norm,0,Ia,0,16.8
2560,sn1998eg,Ia-norm,0,Ia,0,18.8
2590,sn1983v,Ic-norm,7,Ic,2,-9.0
2592,sn1983v,Ic-norm,7,Ic,2,-4.0
2593,sn1983v,Ic-norm,7,Ic,2,4.0
2594,sn1983v,Ic-norm,7,Ic,2,11.9
2595,sn1983v,Ic-norm,7,Ic,2,12.9
2596,sn1983v,Ic-norm,7,Ic,2,13.9
2597,sn1983v,Ic-norm,7,Ic,2,14.9
2598,sn1983v,Ic-norm,7,Ic,2,15.9
2599,sn1983v,Ic-norm,7,Ic,2,16.9
2600,sn1983v,Ic-norm,7,Ic,2,17.9
2657,sn1999by,Ia-91bg,2,Ia,0,-5.0
2787,sn2006al,Ia-norm,0,Ia,0,2.5
2788,sn2006al,Ia-norm,0,Ia,0,3.4
2789,sn2006al,Ia-norm,0,Ia,0,4.3
2790,sn2006al,Ia-norm,0,Ia,0,5.4
2791,sn2006al,Ia-norm,0,Ia,0,6.3
2792,sn2006al,Ia-norm,0,Ia,0,9.1
2882,sn1994s,Ia-norm,0,Ia,0,-3.0
2890,sn1994t,Ia-norm,0,Ia,0,0.8
2953,sn2005cg,Ia-norm,0,Ia,0,-4.0
2954,sn2005cg,Ia-norm,0,Ia,0,-0.1
2955,sn2005cg,Ia-norm,0,Ia,0,4.8
2956,sn2005cg,Ia-norm,0,Ia,0,6.7
2964,sn1999by,Ia-91bg,2,Ia,0,-4.8
2999,sn1990o,Ia-norm,0,Ia,0,18.6
3000,sn1990o,Ia-norm,0,Ia,0,19.4
3004,sn2013df,IIb,6,Ib,1,-4.42
3005,sn2013df,IIb,6,Ib,1,-4.42
3012,u2011hs,IIb,6,Ib,1,-8.17
3017,u2011hs,IIb,6,Ib,1,-5.17
3023,u2011hs,IIb,6,Ib,1,27.83
3026,u2013ge,Ic-norm,7,Ic,2,-14.5
3028,u2013ge,Ic-norm,7,Ic,2,-4.5
3031,u2013ge,Ic-norm,7,Ic,2,5.5
3034,u2013ge,Ic-norm,7,Ic,2,14.5
3036,u2013ge,Ic-norm,7,Ic,2,18.5
3041,u2013ge,Ic-norm,7,Ic,2,37.5
3046,u2013ge,Ic-norm,7,Ic,2,45.5
3047,u2016gkg,IIb,6,Ib,1,-18.16
3048,u2016gkg,IIb,6,Ib,1,-18.12
3050,u2016gkg,IIb,6,Ib,1,-17.15
3064,sn2014ad,Ic-broad,8,Ic,2,27.49
3066,sn2014ad,Ic-broad,8,Ic,2,37.03
3074,u2017ein,Ic-norm,7,Ic,2,15.22
3080,u2010as,IIb,6,Ib,1,-13.17
3084,u2010as,IIb,6,Ib,1,-9.17
3085,u2010as,IIb,6,Ib,1,-9.17
3087,u2010as,IIb,6,Ib,1,-8.17
3088,u2010as,IIb,6,Ib,1,-8.17
3089,u2010as,IIb,6,Ib,1,-6.17
3090,u2010as,IIb,6,Ib,1,-6.17
3091,u2010as,IIb,6,Ib,1,-5.17
3092,u2010as,IIb,6,Ib,1,-5.17
3098,u2012au,Ib-norm,4,Ib,1,21.42
3099,u2012au,Ib-norm,4,Ib,1,33.42
3124,LSQ2014efd,Ic-norm,7,Ic,2,-12.05
3139,LSQ2014efd,Ic-norm,7,Ic,2,31.93
3140,LSQ2014efd,Ic-norm,7,Ic,2,31.93
3158,sn1993j,IIb,6,Ib,1,11.0
3159,sn1993j,IIb,6,Ib,1,12.0
3169,sn1993j,IIb,6,Ib,1,35.7
3212,sn1994i,Ic-norm,7,Ic,2,33.06
3213,sn1994i,Ic-norm,7,Ic,2,34.06
3230,sn2005bf,Ib-norm,4,Ib,1,-1.9
3246,sn1998bw,Ic-broad,8,Ic,2,-11.2
3293,sn2008d,Ib-norm,4,Ib,1,-12.8
3320,sn2006aj,Ic-broad,8,Ic,2,1.8
3348,sn2005hg,Ib-norm,4,Ib,1,22.71
3354,sn2011ei,IIb,6,Ib,1,-3.0
3400,sn2011dh,IIb,6,Ib,1,-9.6
3419,sn2011dh,IIb,6,Ib,1,37.4
3440,sn2011bm,Ic-norm,7,Ic,2,30.3
3463,sn2009bb,Ic-broad,8,Ic,2,41.5
3467,sn2010ma,Ic-broad,8,Ic,2,-5.5
3468,sn2010ma,Ic-broad,8,Ic,2,5.2
3469,sn2010ma,Ic-broad,8,Ic,2,18.2
3489,iPTF2013bvn,Ib-norm,4,Ib,1,-0.8
3541,sn2009mg,IIb,6,Ib,1,2.9
3542,sn2009mg,IIb,6,Ib,1,2.9
3547,sn2009mg,IIb,6,Ib,1,38.5
3548,sn2009mg,IIb,6,Ib,1,38.5
3554,sn2004fe,Ic-norm,7,Ic,2,-6.78
3562,sn2013cq,Ic-broad,8,Ic,2,-1.3
3583,sn2009jf,Ib-norm,4,Ib,1,-10.0
3585,sn2009jf,Ib-norm,4,Ib,1,-9.0
3616,sn2012bz,Ic-broad,8,Ic,2,3.9
3617,sn2012bz,Ic-broad,8,Ic,2,8.6
3643,sn2009nz,Ic-broad,8,Ic,2,0.0
3659,sn2003dh,Ic-broad,8,Ic,2,-9.8
3662,sn2003dh,Ic-broad,8,Ic,2,-7.3
3665,sn2003dh,Ic-broad,8,Ic,2,12.4
3666,sn2003dh,Ic-broad,8,Ic,2,14.1
3683,sn2012ap,Ic-broad,8,Ic,2,1.0
3691,sn2013dx,Ic-broad,8,Ic,2,-5.0
3731,sn2000er,Ibn,5,Ib,1,4.7
